--
-- This SQL script builds a monopoly database, deleting any pre-existing version.
--
-- @author kvlinden
-- @version Summer, 2015
--

-- Drop previous versions of the tables if they they exist, in reverse order of foreign keys.
DROP TABLE IF EXISTS PlayerGame;
DROP TABLE IF EXISTS Game;
DROP TABLE IF EXISTS Player;
DROP TABLE IF EXISTS Assets;

-- Create the schema.
CREATE TABLE Game (
	ID integer PRIMARY KEY, 
	time timestamp
	);

CREATE TABLE Player (
	ID integer PRIMARY KEY, 
	emailAddress varchar(50) NOT NULL,
	name varchar(50)
	score integer,
	cash integer,
	location integer
	);

CREATE TABLE PlayerGame (
	gameID integer REFERENCES Game(ID), 
	playerID integer REFERENCES Player(ID),
	score integer
	);

CREATE TABLE Assets (
	properties integer,
	houses integer,
	hotels integer
	);

-- Allow users to select data from the tables.
GRANT SELECT ON Game TO PUBLIC;
GRANT SELECT ON Player TO PUBLIC;
GRANT SELECT ON PlayerGame TO PUBLIC;
GRANT SELECT ON Assets TO PUBLIC;

-- Add sample records.
INSERT INTO Game VALUES (1, '2006-06-27 08:00:00');
INSERT INTO Game VALUES (2, '2006-06-28 13:20:00');
INSERT INTO Game VALUES (3, '2006-06-29 18:41:00');
INSERT INTO Game VALUES (4, '2019-10-17 05:05:00');

INSERT INTO Player(ID, emailAddress) VALUES (1, 'me@calvin.edu');
INSERT INTO Player VALUES (2, 'king@gmail.edu', 'The King');
INSERT INTO Player VALUES (3, 'dog@gmail.edu', 'Dogbreath');
INSERT INTO Player Values (4, 'yp27@students.calvin.edu', 'LOL', '99', '500', '15');

INSERT INTO PlayerGame VALUES (1, 1, 0.00);
INSERT INTO PlayerGame VALUES (1, 2, 0.00);
INSERT INTO PlayerGame VALUES (1, 3, 2350.00);
INSERT INTO PlayerGame VALUES (2, 1, 1000.00);
INSERT INTO PlayerGame VALUES (2, 2, 0.00);
INSERT INTO PlayerGame VALUES (2, 3, 500.00);
INSERT INTO PlayerGame VALUES (3, 2, 0.00);
INSERT INTO PlayerGame VALUES (3, 3, 5500.00);
INSERT INTO PlayerGame VALUES (1, 4, 9999.00);
INSERT INTO PlayerGame VALUES (2, 4, 8888.00);
INSERT INTO PlayerGame VALUES (3, 4, 7777.00);

INSERT INTO Assets VALUES (1, 2, 3);
